{"1wnVNASAWwzeu3DwO7dj1w==":"pets%20and%20monsters%20(1)-400x570.jpg","V4bV+mXOs5GCHEoFgczGCw==":"unbox%20industries-400x400.jpg","n/PaDiyXhnY/fsoJ0ls2Cw==":"43ada552-32b9-4b5f-b2d1-92c9cf09d601-400x675.jpg","O0ZcKml4Ao/ZY4qKJ9o5zQ==":"%E4%BA%BA%E4%BD%93%E5%A4%9A%E6%A8%A1%E6%80%81%E5%88%86%E6%9E%90-2000x874.png","IR50eEAa/gjv9e3Jv2cWTg==":"background5.jpg","/iaJPTnYrAFLHpR2XRnnlw==":"timg%20(1)-553x369.jpg","B8CXFKVm8xovTIoHcEgopw==":"timg%20(2)-480x320.jpg","TWQKdhAUnLkMUX5W5QetVQ==":"timg-870x488.jpg","hABzrqkCkt8zRTR0BDT4tg==":"u=1656041531,823275867&fm=26&gp=0-500x300.jpg","iPJXmBuzJgo+s2h+LMTNhQ==":"timg-870x488.jpeg","9EdeHAPfNV4UqDH8YSgr9Q==":"timg-1-870x488.jpeg","6DcR703nMBKhh6tCv3Pdkg==":"unbox%20industries-882x882.jpg","gO3oWXZdFiEIZ8+3ONJp9w==":"%E5%A4%9A%E6%A8%A1%E6%80%81%E7%A0%94%E7%A9%B6-1-2000x1125.png","jeobd57kzsECUqpB7iGPgQ==":"%E5%A4%9A%E6%A8%A1%E6%80%81%E7%A0%94%E7%A9%B6-2-2000x1125.png","LwSw7rehCpumOoyjwr/eGQ==":"%E5%A4%9A%E6%A8%A1%E6%80%81%E7%A0%94%E7%A9%B6-3-2000x1125.png","+NFDEsW9+3okb7yc5H74Qg==":"%E5%A4%9A%E6%A8%A1%E6%80%81%E7%A0%94%E7%A9%B6-4-2000x1125.png","KWXxD2QROkBeztXet0n5qg==":"%E5%A4%9A%E6%A8%A1%E6%80%81%E7%A0%94%E7%A9%B6-5-2000x1125.png","RkQuXliU4CCHKLb0WIGSeg==":"%E5%A4%9A%E6%A8%A1%E6%80%81%E7%A0%94%E7%A9%B6-6-2000x1125.png","muB97TLsst7P53kH8NRiFg==":"%E5%A4%9A%E6%A8%A1%E6%80%81%E7%A0%94%E7%A9%B6-7-2000x1125.png","TAfNm58tKGWr/xl5Fs6jCg==":"%E5%A4%9A%E6%A8%A1%E6%80%81%E7%A0%94%E7%A9%B6-8-2000x1125.png","51Aod31v6UKenl8M3ZoZSA==":"%E5%86%A0%E4%BA%91%E5%AA%92%E4%BB%8B%E6%84%9F%E7%9F%A5-2-2000x1125.png","gR5ZNNj66+VMLI+ZHnCmIw==":"%E5%86%A0%E4%BA%91%E5%AA%92%E4%BB%8B%E6%84%9F%E7%9F%A5-3-2000x1125.png","HN/XRlVZy1hjsEd+WaMbTw==":"%E5%86%A0%E4%BA%91%E5%AA%92%E4%BB%8B%E6%84%9F%E7%9F%A5-4-2000x1125.png","aqzTVWiR1E4FvpouvXGElw==":"dustrial%20-%20future%20cult-1080x1080.png","Vd6MFsN6uiivP1yZ0eNUxA==":"9e5378b88ad7da093875e50418633c09-564x394.jpeg","70e7+tVwnr22KVtbYk8YDQ==":"0b6c91f84672c6bf5081d11b1650e915-564x606.jpg","caeXf8IfELWeoOvXVpkK8A==":"timg%20(1)-500x327.jpg","sxm5OSINo0zf8zAZ+DkPgw==":"0%20(1)-564x317.jpg","mzDkZaQ3+2B+zHQhkBBKNQ==":"9fba105420f1a03defe341c9fe9e388d-564x740.jpg","hOii95nSnt3mkBBbvDR+rg==":"dbf5082030feeea4ab0c2951faa5934e-564x730.jpg","eiCuXZCeuZZDxh7w/5/scg==":"0-1076x605.png","E86b5jsZd6XU09BiL7zVfA==":"0-1-1076x605.png","02pAN43JE5marv9vESXeQw==":"%E5%A4%9A%E6%A8%A1%E6%80%81%E7%A0%94%E7%A9%B6-1900x1069.png","WM57noGyVbXCvWe9i4+APg==":"%E5%A4%9A%E6%A8%A1%E6%80%81%E7%A0%94%E7%A9%B6-1-1900x1069.png","wqUhdYXIDyvFrX1sAg/57g==":"%E5%A4%9A%E6%A8%A1%E6%80%81%E7%A0%94%E7%A9%B6-2-1900x1069.png","AVUKDMeyBM1cVvqnZpbZqw==":"%E5%A4%9A%E6%A8%A1%E6%80%81%E7%A0%94%E7%A9%B6-3-1900x1069.png","HXZ0xQ9Lr7ykmaWGP34DWg==":"%E5%A4%9A%E6%A8%A1%E6%80%81%E7%A0%94%E7%A9%B6-5-1900x1069.png","33mzNt93dlWsCbsgFotpqw==":"%E5%A4%9A%E6%A8%A1%E6%80%81%E7%A0%94%E7%A9%B6-7-1900x1069.png","9FA8phwVr/F9AX2uz2JvVg==":"%E5%A4%9A%E6%A8%A1%E6%80%81%E7%A0%94%E7%A9%B6-8-1900x1069.png","LnePyXh+ulaoxZJ85v1E1w==":"%E5%86%A0%E4%BA%91%E5%AA%92%E4%BB%8B%E6%84%9F%E7%9F%A5-2-1900x1069.png","J9l0VE4oakyB1/YJQcqNXw==":"%E5%86%A0%E4%BA%91%E5%AA%92%E4%BB%8B%E6%84%9F%E7%9F%A5-4-1900x1069.png","XvCleHVmpb1RvtyXlZw78Q==":"%E5%86%A0%E4%BA%91%E5%AA%92%E4%BB%8B%E6%84%9F%E7%9F%A5-3-1900x1069.png","8K/NxuPKrwNIlINh/82FFg==":"%E5%86%A0%E4%BA%91%E5%AA%92%E4%BB%8B%E6%84%9F%E7%9F%A5-6-1900x1069.png","BQ8uYY3fp2FcYUsvIYTUsg==":"%E5%B9%BB%E8%A7%86%E8%8D%89%E5%9B%BE-1139x640.jpg","GOvSY338FDE6nSp+r+P0Dw==":"0-2000x1124.png","JO1OjHl5gp21EW7+EPQTFA==":"%E5%BE%AE%E4%BF%A1%E6%88%AA%E5%9B%BE-20201208143759-1397x784.png","h0IPO+NkLHzWoliUwkYyMQ==":"1-1900x1069.png","+7uZEIC5eL7M839uNOGA6Q==":"2-1900x1069.png","qJ/9aoLDvB9mfre9n1pvdQ==":"3-1900x1069.png","nJIwYbj+QTqseXZ3sV77aA==":"4-1900x1069.png","7qDM3HxMqw97N7bAQ617DQ==":"%E5%BF%83%E8%84%8F%20(2)-2000x1500.jpg","n1MWLUpOTgI8kk9xtcsgwg==":"3-696x392.png","d2D9nLrOf9eBWx228iWjzA==":"%E5%BF%83%E8%84%8F%20(1)-696x489.jpg","tYGQqGq0bTqMpmzhI0R6Pw==":"4-696x392.png","TvzlESfodzP+mftkJy5rhg==":"6-696x392.png","IW+qB/cY4KjW6H9AS9BxuA==":"6-1920x1080.png","Q0DAqPMcgOEmh32MI9eEMw==":"1-1-1900x1069.png","MRehkEGkTeYH1ZzCO9ZMlQ==":"1-2-1900x1069.png","wUp2MTSiaF75jcN+lzPREQ==":"3-1920x1080.png","YC0ePwDG06r29lRFEuyOXQ==":"%E5%BE%AE%E4%BF%A1%E5%9B%BE%E7%89%87-20201229171423-2000x2667.jpg","pGGkfa8VW23qjh/ptJcVAg==":"%E5%BE%AE%E4%BF%A1%E5%9B%BE%E7%89%87-20201229171423-1076x1435.jpg","ySkVbWCbVMsHE4TBlwhlzQ==":"2-1920x1080.png","HWpIvMDOkV/BAjmkqHCjPg==":"%E5%BE%AE%E4%BF%A1%E5%9B%BE%E7%89%87-202012291714235-1900x885.jpg","lzugJWmzYdJ2qvXf/3/sKQ==":"%E5%BE%AE%E4%BF%A1%E5%9B%BE%E7%89%87-202012291714232-1900x4078.jpg","RsQJ6JY1pqwVaW7FXsRa2w==":"%E5%BE%AE%E4%BF%A1%E5%9B%BE%E7%89%87-202012291714234-1900x4078.jpg","bt+FqDwarT/3XU0SvOm/Iw==":"%E5%BE%AE%E4%BF%A1%E5%9B%BE%E7%89%87-202012291714232-1900x4078.jpeg","2oCddxCjNrhnCe/zwOa6Ew==":"%E5%BE%AE%E4%BF%A1%E5%9B%BE%E7%89%87-202012291714236-1900x885.jpg","0tls52pw5Vy3KYQKrOik1g==":"%E5%BE%AE%E4%BF%A1%E5%9B%BE%E7%89%87-202012291714237-1900x885.jpg","W4h6SE1qge7mhcqdzgrb6Q==":"%E5%BE%AE%E4%BF%A1%E5%9B%BE%E7%89%87-202012291714238-1900x885.jpg","q1VvksdP3RM04OKUEp1/5Q==":"%E5%BE%AE%E4%BF%A1%E5%9B%BE%E7%89%87-2020122917142311-1900x885.jpg","7zMQTelb4MMCC+qYvPaCQg==":"%E5%BE%AE%E4%BF%A1%E5%9B%BE%E7%89%87-2020122917142312-1900x885.jpg","L5b7W29mBEqQOUhBXZdHFw==":"%E5%BE%AE%E4%BF%A1%E5%9B%BE%E7%89%87-20201229171423-1076x1435.jpeg","xTwyTPP9qZF7u341A/qlww==":"%E8%A3%85%E7%BD%AE%20(2)-1456x1941.jpg","FctDsRA+O4WIHYrKlamEJg==":"%E5%BF%83%E8%84%8F%20(4)-2000x932.jpg","CHurmE9n+dxxwgupKbXV8A==":"%E5%BE%AE%E4%BF%A1%E5%9B%BE%E7%89%87-202012291714236-1900x885.jpeg"}